link,name,popularity,year
http://www.metrolyrics.com/its-the-end-of-the-world-lyrics-rem.html,It's The End Of The World Lyrics,10,2008
http://www.metrolyrics.com/losing-my-religion-lyrics-rem.html,Losing My Religion Lyrics,9,2003
http://www.metrolyrics.com/the-one-i-love-lyrics-rem.html,The One I Love Lyrics,9,2008
http://www.metrolyrics.com/selingkar-kasih-lyrics-rem.html,Selingkar Kasih Lyrics,7,2010
http://www.metrolyrics.com/man-on-the-moon-lyrics-rem.html,Man On The Moon Lyrics,7,2003
http://www.metrolyrics.com/the-sidewinder-sleeps-tonight-lyrics-rem.html,The Sidewinder Sleeps Tonight Lyrics,7,2006
http://www.metrolyrics.com/nightswimming-lyrics-rem.html,Nightswimming Lyrics,6,2003
http://www.metrolyrics.com/everybody-hurts-lyrics-rem.html,Everybody Hurts Lyrics,6,2003
http://www.metrolyrics.com/fall-on-me-lyrics-rem.html,Fall On Me Lyrics,6,2011
http://www.metrolyrics.com/orange-crush-lyrics-rem.html,Orange Crush Lyrics,5,2003
http://www.metrolyrics.com/its-the-end-of-the-world-as-we-know-it-and-i-feel-fine-lyrics-rem.html,It's The End Of The World As We Know It (and I Feel Fine) Lyrics,5,2014
http://www.metrolyrics.com/whats-the-frequency-kenneth-lyrics-rem.html,"What's The Frequency, Kenneth? Lyrics",5,2003
http://www.metrolyrics.com/everbody-hurts-lyrics-rem.html,Everbody Hurts Lyrics,5,2006
http://www.metrolyrics.com/radio-free-europe-lyrics-rem.html,Radio Free Europe Lyrics,5,2011
http://www.metrolyrics.com/drive-lyrics-rem.html,Drive Lyrics,4,2006
http://www.metrolyrics.com/find-the-river-lyrics-rem.html,Find The River Lyrics,4,2014
http://www.metrolyrics.com/shiny-happy-people-lyrics-rem.html,Shiny Happy People Lyrics,4,2011
http://www.metrolyrics.com/future-40s-string-of-pearls-lyrics-rem.html,Future 40's (string Of Pearls) Lyrics,4,2006
http://www.metrolyrics.com/uberlin-lyrics-rem.html,Uberlin Lyrics,4,2011
http://www.metrolyrics.com/imitation-of-life-lyrics-rem.html,Imitation Of Life Lyrics,3,2003
http://www.metrolyrics.com/its-the-end-of-the-world-as-we-know-it-lyrics-rem.html,It's The End of The World as We Know It Lyrics,3,2008
http://www.metrolyrics.com/crush-with-eyeliner-lyrics-rem.html,Crush With Eyeliner Lyrics,3,2006
http://www.metrolyrics.com/these-days-lyrics-rem.html,These Days Lyrics,3,2006
http://www.metrolyrics.com/ebow-the-letter-lyrics-rem.html,E-bow The Letter Lyrics,3,2003
http://www.metrolyrics.com/ignoreland-lyrics-rem.html,Ignoreland Lyrics,3,2006
http://www.metrolyrics.com/the-sidewinder-sleeps-tonite-lyrics-rem.html,The Sidewinder Sleeps Tonite Lyrics,3,2003
http://www.metrolyrics.com/strange-currencies-lyrics-rem.html,Strange Currencies Lyrics,3,2006
http://www.metrolyrics.com/bad-day-lyrics-rem.html,Bad Day Lyrics,3,2003
http://www.metrolyrics.com/daysleeper-lyrics-rem.html,Daysleeper Lyrics,3,2003
http://www.metrolyrics.com/leaving-new-york-lyrics-rem.html,Leaving New York Lyrics,3,2004
http://www.metrolyrics.com/country-feedback-lyrics-rem.html,Country Feedback Lyrics,3,2011
http://www.metrolyrics.com/stand-lyrics-rem.html,Stand Lyrics,3,2003
http://www.metrolyrics.com/shaking-through-lyrics-rem.html,Shaking Through Lyrics,3,2006
http://www.metrolyrics.com/electrolite-lyrics-rem.html,Electrolite Lyrics,2,2003
http://www.metrolyrics.com/let-me-in-lyrics-rem.html,Let Me In Lyrics,2,2006
http://www.metrolyrics.com/crazy-lyrics-rem.html,Crazy Lyrics,2,2006
http://www.metrolyrics.com/bang-and-blame-lyrics-rem.html,Bang And Blame Lyrics,2,2006
http://www.metrolyrics.com/love-is-all-around-lyrics-rem.html,Love Is All Around Lyrics,2,2014
http://www.metrolyrics.com/living-well-is-the-best-revenge-lyrics-rem.html,Living Well Is The Best Revenge Lyrics,2,2008
http://www.metrolyrics.com/superman-lyrics-rem.html,Superman Lyrics,2,2006
http://www.metrolyrics.com/bittersweet-me-lyrics-rem.html,Bittersweet Me Lyrics,2,2006
http://www.metrolyrics.com/driver-8-lyrics-rem.html,Driver 8 Lyrics,2,2011
http://www.metrolyrics.com/begin-the-begin-lyrics-rem.html,Begin The Begin Lyrics,2,2011
http://www.metrolyrics.com/hollow-man-lyrics-rem.html,Hollow Man Lyrics,2,2008
http://www.metrolyrics.com/pop-song-89-lyrics-rem.html,Pop Song 89 Lyrics,2,2011
http://www.metrolyrics.com/me-in-honey-lyrics-rem.html,Me In Honey Lyrics,2,2006
http://www.metrolyrics.com/gardening-at-night-lyrics-rem.html,Gardening At Night Lyrics,2,2011
http://www.metrolyrics.com/strange-wire-lyrics-rem.html,Strange (wire) Lyrics,2,2008
http://www.metrolyrics.com/beat-a-drum-lyrics-rem.html,Beat A Drum Lyrics,2,2014
http://www.metrolyrics.com/horse-to-water-lyrics-rem.html,Horse To Water Lyrics,2,2008
http://www.metrolyrics.com/fretless-lyrics-rem.html,Fretless Lyrics,2,2014
http://www.metrolyrics.com/try-not-to-breathe-lyrics-rem.html,Try Not To Breathe Lyrics,2,2006
http://www.metrolyrics.com/sweetness-follows-lyrics-rem.html,Sweetness Follows Lyrics,2,2006
http://www.metrolyrics.com/i-believe-lyrics-rem.html,I Believe Lyrics,2,2006
http://www.metrolyrics.com/talk-about-the-passion-lyrics-rem.html,Talk About The Passion Lyrics,2,2011
http://www.metrolyrics.com/turn-you-insideout-lyrics-rem.html,Turn You Inside-out Lyrics,2,2006
http://www.metrolyrics.com/mrrichards-lyrics-rem.html,Mr. Richards Lyrics,1,2008
http://www.metrolyrics.com/until-the-day-is-done-lyrics-rem.html,Until The Day Is Done Lyrics,1,2008
http://www.metrolyrics.com/radio-song-lyrics-rem.html,Radio Song Lyrics,1,2014
http://www.metrolyrics.com/finest-worksong-lyrics-rem.html,Finest Worksong Lyrics,1,2008
http://www.metrolyrics.com/hyena-lyrics-rem.html,Hyena Lyrics,1,2006
http://www.metrolyrics.com/all-the-right-friends-lyrics-rem.html,All The Right Friends Lyrics,1,2003
http://www.metrolyrics.com/walk-unafraid-lyrics-rem.html,Walk Unafraid Lyrics,1,2006
http://www.metrolyrics.com/so-central-rain-lyrics-rem.html,So. Central Rain Lyrics,1,2011
http://www.metrolyrics.com/pretty-persuasion-lyrics-rem.html,Pretty Persuasion Lyrics,1,2006
http://www.metrolyrics.com/that-someone-is-you-lyrics-rem.html,That Someone Is You Lyrics,1,2011
http://www.metrolyrics.com/king-of-birds-lyrics-rem.html,King of Birds Lyrics,1,2008
http://www.metrolyrics.com/catapult-lyrics-rem.html,Catapult Lyrics,1,2006
http://www.metrolyrics.com/camera-lyrics-rem.html,Camera Lyrics,1,2006
http://www.metrolyrics.com/disguised-lyrics-rem.html,Disguised Lyrics,1,2016
http://www.metrolyrics.com/animal-lyrics-rem.html,Animal Lyrics,1,2003
http://www.metrolyrics.com/disappear-lyrics-rem.html,Disappear Lyrics,1,2014
http://www.metrolyrics.com/green-grow-the-rushes-lyrics-rem.html,Green Grow The Rushes Lyrics,1,2006
http://www.metrolyrics.com/kohoutek-lyrics-rem.html,Kohoutek Lyrics,1,2006
http://www.metrolyrics.com/arms-of-love-lyrics-rem.html,Arms Of Love Lyrics,1,2006
http://www.metrolyrics.com/9-dream-lyrics-rem.html,#9 Dream Lyrics,0,2007
http://www.metrolyrics.com/1000000-lyrics-rem.html,"1,000,000 Lyrics",0,2006
http://www.metrolyrics.com/11-lyrics-rem.html,11 Lyrics,0,2007
http://www.metrolyrics.com/11th-untitled-song-lyrics-rem.html,11th Untitled Song Lyrics,0,2006
http://www.metrolyrics.com/7-chinese-brothers-lyrics-rem.html,7 Chinese Brothers Lyrics,0,2007
http://www.metrolyrics.com/99-lyrics-rem.html,9-9 Lyrics,0,2006
http://www.metrolyrics.com/a-girl-like-you-lyrics-rem.html,A Girl Like You Lyrics,0,2006
http://www.metrolyrics.com/a-month-of-saturdays-lyrics-rem.html,A Month Of Saturdays Lyrics,0,2011
http://www.metrolyrics.com/academy-fight-song-lyrics-rem.html,Academy Fight Song Lyrics,0,2006
http://www.metrolyrics.com/accelerate-lyrics-rem.html,Accelerate Lyrics,0,2008
http://www.metrolyrics.com/action-lyrics-rem.html,Action Lyrics,0,2006
http://www.metrolyrics.com/aftermath-lyrics-rem.html,Aftermath Lyrics,0,2004
http://www.metrolyrics.com/ages-of-you-lyrics-rem.html,Ages Of You Lyrics,0,2006
http://www.metrolyrics.com/airportman-lyrics-rem.html,Airportman Lyrics,0,2006
http://www.metrolyrics.com/all-i-have-to-do-is-dream-lyrics-rem.html,"All I Have To Do Is, Dream Lyrics",0,2006
http://www.metrolyrics.com/all-the-best-lyrics-rem.html,All The Best Lyrics,0,2011
http://www.metrolyrics.com/all-the-right-friends-lyrics-rem.html,All The Right Friends Lyrics,1,2003
http://www.metrolyrics.com/all-the-way-to-reno-lyrics-rem.html,All the Way to Reno Lyrics,0,2003
http://www.metrolyrics.com/all-the-way-to-reno-youre-gonna-be-a-star-lyrics-rem.html,All The Way To Reno (You're Gonna Be A Star) Lyrics,0,2006
http://www.metrolyrics.com/alligator-aviator-autopilot-antimatter-lyrics-rem.html,Alligator Aviator Autopilot Antimatter Lyrics,0,2011
http://www.metrolyrics.com/andy-gets-fired-lyrics-rem.html,Andy Gets Fired Lyrics,0,2008
http://www.metrolyrics.com/animal-lyrics-rem.html,Animal Lyrics,1,2003
http://www.metrolyrics.com/arms-of-love-lyrics-rem.html,Arms Of Love Lyrics,1,2006
http://www.metrolyrics.com/around-the-sun-lyrics-rem.html,Around The Sun Lyrics,0,2004
http://www.metrolyrics.com/at-my-most-beautiful-lyrics-rem.html,At My Most Beautiful Lyrics,0,2003
http://www.metrolyrics.com/at-my-most-beautifull-lyrics-rem.html,At My Most Beautifull Lyrics,0,2006
http://www.metrolyrics.com/auctioneer-lyrics-rem.html,Auctioneer Lyrics,0,2006
http://www.metrolyrics.com/auctioneer-another-engine-lyrics-rem.html,Auctioneer (another Engine) Lyrics,0,2006
http://www.metrolyrics.com/aaberlin-lyrics-rem.html,ÃœBerlin Lyrics,0,2011
http://www.metrolyrics.com/baby-baby-lyrics-rem.html,Baby Baby Lyrics,0,2006
http://www.metrolyrics.com/baby-i-lyrics-rem.html,"Baby, I Lyrics",0,2006
http://www.metrolyrics.com/bad-day-lyrics-rem.html,Bad Day Lyrics,3,2003
http://www.metrolyrics.com/bandwagon-lyrics-rem.html,Bandwagon Lyrics,0,2006
http://www.metrolyrics.com/bang-and-blame-lyrics-rem.html,Bang And Blame Lyrics,2,2006
http://www.metrolyrics.com/be-mine-lyrics-rem.html,Be Mine Lyrics,0,2006
http://www.metrolyrics.com/beach-ball-lyrics-rem.html,Beach Ball Lyrics,0,2006
http://www.metrolyrics.com/beat-a-drum-lyrics-rem.html,Beat A Drum Lyrics,2,2014
http://www.metrolyrics.com/begin-the-begin-lyrics-rem.html,Begin The Begin Lyrics,2,2011
http://www.metrolyrics.com/belong-lyrics-rem.html,Belong Lyrics,0,2014
http://www.metrolyrics.com/binky-the-doormat-lyrics-rem.html,Binky The Doormat Lyrics,0,2006
http://www.metrolyrics.com/bittersweet-me-lyrics-rem.html,Bittersweet Me Lyrics,2,2006
http://www.metrolyrics.com/blue-lyrics-rem.html,Blue Lyrics,0,2011
http://www.metrolyrics.com/body-count-lyrics-rem.html,Body Count Lyrics,0,2006
http://www.metrolyrics.com/burning-down-lyrics-rem.html,Burning Down Lyrics,0,2006
http://www.metrolyrics.com/burning-hell-lyrics-rem.html,Burning Hell Lyrics,0,2006
http://www.metrolyrics.com/camera-lyrics-rem.html,Camera Lyrics,1,2006
http://www.metrolyrics.com/cant-get-there-from-here-lyrics-rem.html,Can't Get There From Here Lyrics,0,2006
http://www.metrolyrics.com/carnival-of-sorts-lyrics-rem.html,Carnival of Sorts Lyrics,0,2006
http://www.metrolyrics.com/carnival-of-sorts-box-cars-lyrics-rem.html,Carnival Of Sorts (box Cars) Lyrics,0,2006
http://www.metrolyrics.com/catapult-lyrics-rem.html,Catapult Lyrics,1,2006
http://www.metrolyrics.com/chance-lyrics-rem.html,Chance Lyrics,0,2006
http://www.metrolyrics.com/chorus-and-he-ring-lyrics-rem.html,Chorus and he Ring Lyrics,0,2016
http://www.metrolyrics.com/chorus-and-the-ring-lyrics-rem.html,Chorus And The Ring Lyrics,0,2006
http://www.metrolyrics.com/christmas-griping-lyrics-rem.html,Christmas Griping Lyrics,0,2018
http://www.metrolyrics.com/circus-envy-lyrics-rem.html,Circus Envy Lyrics,0,2006
http://www.metrolyrics.com/country-feedback-lyrics-rem.html,Country Feedback Lyrics,3,2011
http://www.metrolyrics.com/crazy-lyrics-rem.html,Crazy Lyrics,2,2006
http://www.metrolyrics.com/crush-with-eyeliner-lyrics-rem.html,Crush With Eyeliner Lyrics,3,2006
http://www.metrolyrics.com/cuyahoga-lyrics-rem.html,Cuyahoga Lyrics,1,2014
http://www.metrolyrics.com/dangerous-times-lyrics-rem.html,Dangerous Times Lyrics,0,2006
http://www.metrolyrics.com/dark-globe-lyrics-rem.html,Dark Globe Lyrics,0,2006
http://www.metrolyrics.com/daysleeper-lyrics-rem.html,Daysleeper Lyrics,3,2003
http://www.metrolyrics.com/deck-the-halls-lyrics-rem.html,Deck The Halls Lyrics,0,2016
http://www.metrolyrics.com/departure-lyrics-rem.html,Departure Lyrics,0,2006
http://www.metrolyrics.com/diminished-lyrics-rem.html,Diminished Lyrics,0,2006
http://www.metrolyrics.com/diminishedim-not-over-you-lyrics-rem.html,Diminished/I'm Not Over You Lyrics,0,2016
http://www.metrolyrics.com/disappear-lyrics-rem.html,Disappear Lyrics,1,2014
http://www.metrolyrics.com/discover-lyrics-rem.html,Discover Lyrics,0,2010
http://www.metrolyrics.com/discoverer-lyrics-rem.html,Discoverer Lyrics,0,2011
http://www.metrolyrics.com/disguised-lyrics-rem.html,Disguised Lyrics,1,2016
http://www.metrolyrics.com/disturbance-at-the-heron-house-lyrics-rem.html,Disturbance At The Heron House Lyrics,1,2008
http://www.metrolyrics.com/dont-go-back-to-rockville-lyrics-rem.html,Don't Go Back To Rockville Lyrics,0,2011
http://www.metrolyrics.com/draggin-the-line-lyrics-rem.html,Draggin' The Line Lyrics,0,2006
http://www.metrolyrics.com/dragging-the-line-lyrics-rem.html,Dragging The Line Lyrics,0,2007
http://www.metrolyrics.com/drive-lyrics-rem.html,Drive Lyrics,4,2006
http://www.metrolyrics.com/driver-8-lyrics-rem.html,Driver 8 Lyrics,2,2011
http://www.metrolyrics.com/ebow-the-letter-lyrics-rem.html,E-bow The Letter Lyrics,3,2003
http://www.metrolyrics.com/electrolite-lyrics-rem.html,Electrolite Lyrics,2,2003
http://www.metrolyrics.com/electron-blue-lyrics-rem.html,Electron Blue Lyrics,0,2004
http://www.metrolyrics.com/eleventh-untitled-song-lyrics-rem.html,"Eleventh, Untitled Song Lyrics",0,2006
http://www.metrolyrics.com/end-of-the-world-as-we-know-it-lyrics-rem.html,End of the World As We Know It Lyrics,0,2007
http://www.metrolyrics.com/endgame-lyrics-rem.html,ENDGAME Lyrics,0,2014
http://www.metrolyrics.com/everbody-hurts-lyrics-rem.html,Everbody Hurts Lyrics,5,2006
http://www.metrolyrics.com/every-day-is-yours-to-win-lyrics-rem.html,Every Day Is Yours to Win Lyrics,0,2011
http://www.metrolyrics.com/everybody-hurts-lyrics-rem.html,Everybody Hurts Lyrics,6,2003
http://www.metrolyrics.com/exhuming-mccarthy-lyrics-rem.html,Exhuming Mccarthy Lyrics,0,2008
http://www.metrolyrics.com/fall-on-me-lyrics-rem.html,Fall On Me Lyrics,6,2011
http://www.metrolyrics.com/falls-to-climb-lyrics-rem.html,Falls To Climb Lyrics,0,2006
http://www.metrolyrics.com/feeling-gravitys-pull-lyrics-rem.html,Feeling Gravity's Pull Lyrics,0,2006
http://www.metrolyrics.com/femme-fatale-lyrics-rem.html,Femme Fatale Lyrics,0,2006
http://www.metrolyrics.com/final-straw-lyrics-rem.html,Final Straw Lyrics,0,2008
http://www.metrolyrics.com/find-the-river-lyrics-rem.html,Find The River Lyrics,4,2014
http://www.metrolyrics.com/finest-worksong-lyrics-rem.html,Finest Worksong Lyrics,1,2008
http://www.metrolyrics.com/fireplace-lyrics-rem.html,Fireplace Lyrics,0,2008
http://www.metrolyrics.com/first-we-take-manhattan-lyrics-rem.html,First We Take Manhattan Lyrics,0,2006
http://www.metrolyrics.com/fretless-lyrics-rem.html,Fretless Lyrics,2,2014
http://www.metrolyrics.com/funtime-lyrics-rem.html,Funtime Lyrics,0,2006
http://www.metrolyrics.com/furry-happy-monsters-lyrics-rem.html,Furry Happy Monsters Lyrics,0,2007
http://www.metrolyrics.com/future-40s-string-of-pearls-lyrics-rem.html,Future 40's (string Of Pearls) Lyrics,4,2006
http://www.metrolyrics.com/gardening-at-night-lyrics-rem.html,Gardening At Night Lyrics,2,2011
http://www.metrolyrics.com/get-up-lyrics-rem.html,Get Up Lyrics,0,2011
http://www.metrolyrics.com/ghost-rider-lyrics-rem.html,Ghost Rider Lyrics,0,2006
http://www.metrolyrics.com/good-advices-lyrics-rem.html,Good Advices Lyrics,0,2006
http://www.metrolyrics.com/green-grow-the-rushes-lyrics-rem.html,Green Grow The Rushes Lyrics,1,2006
http://www.metrolyrics.com/hairshirt-lyrics-rem.html,Hairshirt Lyrics,0,2006
http://www.metrolyrics.com/half-a-world-away-lyrics-rem.html,Half A World Away Lyrics,0,2014
http://www.metrolyrics.com/hallellujah-lyrics-rem.html,Hallellujah Lyrics,0,2011
http://www.metrolyrics.com/hallelujah-lyrics-rem.html,Hallelujah Lyrics,0,2011
http://www.metrolyrics.com/harborcoat-lyrics-rem.html,Harborcoat Lyrics,0,2006
http://www.metrolyrics.com/hey-hey-nadine-lyrics-rem.html,"Hey, Hey, Nadine Lyrics",0,2006
http://www.metrolyrics.com/high-speed-train-lyrics-rem.html,High Speed Train Lyrics,0,2004
http://www.metrolyrics.com/hollow-man-lyrics-rem.html,Hollow Man Lyrics,2,2008
http://www.metrolyrics.com/hope-lyrics-rem.html,Hope Lyrics,0,2006
http://www.metrolyrics.com/horse-to-water-lyrics-rem.html,Horse To Water Lyrics,2,2008
http://www.metrolyrics.com/houston-lyrics-rem.html,Houston Lyrics,1,2008
http://www.metrolyrics.com/how-the-west-was-won-and-where-it-got-us-lyrics-rem.html,How The West Was Won And Where It Got Us Lyrics,0,2006
http://www.metrolyrics.com/hyena-lyrics-rem.html,Hyena Lyrics,1,2006
http://www.metrolyrics.com/i-believe-lyrics-rem.html,I Believe Lyrics,2,2006
http://www.metrolyrics.com/i-dont-sleep-i-dream-lyrics-rem.html,"I Don't Sleep, I Dream Lyrics",0,2006
http://www.metrolyrics.com/i-remember-california-lyrics-rem.html,I Remember California Lyrics,0,2006
http://www.metrolyrics.com/i-took-your-name-lyrics-rem.html,I Took Your Name Lyrics,0,2006
http://www.metrolyrics.com/i-walked-with-a-zombie-lyrics-rem.html,I Walked With A Zombie Lyrics,0,2006
http://www.metrolyrics.com/i-wanted-to-be-wrong-lyrics-rem.html,I Wanted to Be Wrong Lyrics,0,2004
http://www.metrolyrics.com/ill-take-the-rain-lyrics-rem.html,I'll Take The Rain Lyrics,0,2014
http://www.metrolyrics.com/im-gonna-dj-lyrics-rem.html,I'm Gonna DJ Lyrics,0,2008
http://www.metrolyrics.com/im-not-over-you-lyrics-rem.html,I'm Not Over You Lyrics,0,2006
http://www.metrolyrics.com/ive-been-high-lyrics-rem.html,I've Been High Lyrics,0,2014
http://www.metrolyrics.com/ignoreland-lyrics-rem.html,Ignoreland Lyrics,3,2006
http://www.metrolyrics.com/imitation-of-life-lyrics-rem.html,Imitation Of Life Lyrics,3,2003
http://www.metrolyrics.com/it-happened-today-lyrics-rem.html,It Happened Today Lyrics,0,2011
http://www.metrolyrics.com/it-happens-today-lyrics-rem.html,It Happens Today Lyrics,0,2011
http://www.metrolyrics.com/its-a-free-world-baby-lyrics-rem.html,It's A Free World Baby Lyrics,0,2006
http://www.metrolyrics.com/its-the-end-of-the-world-lyrics-rem.html,It's The End Of The World Lyrics,10,2008
http://www.metrolyrics.com/its-the-end-of-the-world-as-we-know-it-lyrics-rem.html,It's The End of The World as We Know It Lyrics,3,2008
http://www.metrolyrics.com/its-the-end-of-the-world-as-we-know-it-and-i-feel-fine-lyrics-rem.html,It's The End Of The World As We Know It (and I Feel Fine) Lyrics,5,2014
http://www.metrolyrics.com/just-a-touch-lyrics-rem.html,Just a Touch Lyrics,0,2006
http://www.metrolyrics.com/king-of-birds-lyrics-rem.html,King of Birds Lyrics,1,2008
http://www.metrolyrics.com/king-of-comedy-lyrics-rem.html,King Of Comedy Lyrics,0,2006
http://www.metrolyrics.com/king-of-the-road-lyrics-rem.html,King Of The Road Lyrics,0,2006
http://www.metrolyrics.com/kohoutek-lyrics-rem.html,Kohoutek Lyrics,1,2006
http://www.metrolyrics.com/laughing-lyrics-rem.html,Laughing Lyrics,0,2006
http://www.metrolyrics.com/leave-lyrics-rem.html,Leave Lyrics,0,2006
http://www.metrolyrics.com/leaving-new-york-lyrics-rem.html,Leaving New York Lyrics,3,2004
http://www.metrolyrics.com/let-me-in-lyrics-rem.html,Let Me In Lyrics,2,2006
http://www.metrolyrics.com/letter-never-sent-lyrics-rem.html,Letter Never Sent Lyrics,0,2006
http://www.metrolyrics.com/life-and-how-to-live-it-lyrics-rem.html,Life And How To Live It Lyrics,0,2011
http://www.metrolyrics.com/lightnin-hopkins-lyrics-rem.html,Lightnin' Hopkins Lyrics,0,2008
http://www.metrolyrics.com/lisa-sez-lyrics-rem.html,Lisa Sez Lyrics,0,2006
http://www.metrolyrics.com/little-america-lyrics-rem.html,Little America Lyrics,0,2006
http://www.metrolyrics.com/living-well-is-the-best-revenge-lyrics-rem.html,Living Well Is The Best Revenge Lyrics,2,2008
http://www.metrolyrics.com/loosing-my-religion-lyrics-rem.html,Loosing My Religion Lyrics,0,2006
http://www.metrolyrics.com/losing-my-religion-lyrics-rem.html,Losing My Religion Lyrics,9,2003
http://www.metrolyrics.com/lotus-lyrics-rem.html,Lotus Lyrics,1,2006
http://www.metrolyrics.com/love-is-all-around-lyrics-rem.html,Love Is All Around Lyrics,2,2014
http://www.metrolyrics.com/low-lyrics-rem.html,Low Lyrics,0,2014
http://www.metrolyrics.com/low-desert-lyrics-rem.html,Low Desert Lyrics,0,2006
http://www.metrolyrics.com/lynne-andy-lyrics-rem.html,Lynne & Andy Lyrics,0,2008
http://www.metrolyrics.com/make-it-all-ok-lyrics-rem.html,Make It All Ok Lyrics,0,2007
http://www.metrolyrics.com/make-it-all-okay-lyrics-rem.html,Make It All Okay Lyrics,0,2004
http://www.metrolyrics.com/man-on-the-moon-lyrics-rem.html,Man On The Moon Lyrics,7,2003
http://www.metrolyrics.com/man-on-the-moon-orchestral-lyrics-rem.html,Man On The Moon (orchestral) Lyrics,0,2008
http://www.metrolyrics.com/mansized-wreath-lyrics-rem.html,Man-Sized Wreath Lyrics,0,2008
http://www.metrolyrics.com/maps-and-legends-lyrics-rem.html,Maps And Legends Lyrics,0,2006
http://www.metrolyrics.com/me-in-honey-lyrics-rem.html,Me In Honey Lyrics,2,2006
http://www.metrolyrics.com/me-marlon-brando-marlon-brando-and-i-lyrics-rem.html,"Me, Marlon Brando, Marlon Brando and I Lyrics",0,2011
http://www.metrolyrics.com/milk-cookies-lyrics-rem.html,Milk & Cookies Lyrics,0,2008
http://www.metrolyrics.com/mine-smell-like-honey-lyrics-rem.html,Mine Smell Like Honey Lyrics,0,2011
http://www.metrolyrics.com/miracle-lyrics-rem.html,Miracle Lyrics,0,2008
http://www.metrolyrics.com/monty-got-a-raw-deal-lyrics-rem.html,Monty Got A Raw Deal Lyrics,0,2006
http://www.metrolyrics.com/moon-river-lyrics-rem.html,Moon River Lyrics,0,2006
http://www.metrolyrics.com/moral-kiosk-lyrics-rem.html,Moral Kiosk Lyrics,0,2006
http://www.metrolyrics.com/mrrichards-lyrics-rem.html,Mr. Richards Lyrics,1,2008
http://www.metrolyrics.com/mr-richards-lyrics-rem.html,Mr. Richards Lyrics,0,2008
http://www.metrolyrics.com/mystery-to-me-lyrics-rem.html,Mystery To Me Lyrics,0,2006
http://www.metrolyrics.com/narrator-lyrics-rem.html,Narrator Lyrics,0,2006
http://www.metrolyrics.com/near-wild-heaven-lyrics-rem.html,Near Wild Heaven Lyrics,0,2006
http://www.metrolyrics.com/new-orleans-instrumental-no-1-lyrics-rem.html,NEW ORLEANS INSTRUMENTAL NO. 1 Lyrics,0,2007
http://www.metrolyrics.com/new-test-leper-lyrics-rem.html,New Test Leper Lyrics,0,2011
http://www.metrolyrics.com/nightswimming-lyrics-rem.html,Nightswimming Lyrics,6,2003
http://www.metrolyrics.com/oddfellows-local-151-lyrics-rem.html,Oddfellows Local 151 Lyrics,0,2008
http://www.metrolyrics.com/oh-my-heart-lyrics-rem.html,Oh My Heart Lyrics,0,2011
http://www.metrolyrics.com/old-man-kensey-lyrics-rem.html,Old Man Kensey Lyrics,0,2006
http://www.metrolyrics.com/on-the-fly-lyrics-rem.html,On the Fly Lyrics,0,2016
http://www.metrolyrics.com/orange-crush-lyrics-rem.html,Orange Crush Lyrics,5,2003
http://www.metrolyrics.com/out-of-time-lyrics-rem.html,Out Of Time Lyrics,0,2006
http://www.metrolyrics.com/pale-blue-eyes-lyrics-rem.html,Pale Blue Eyes Lyrics,0,2006
http://www.metrolyrics.com/parakeet-lyrics-rem.html,Parakeet Lyrics,0,2006
http://www.metrolyrics.com/passenger-lyrics-rem.html,Passenger Lyrics,0,2006
http://www.metrolyrics.com/perfect-circle-lyrics-rem.html,Perfect Circle Lyrics,0,2014
http://www.metrolyrics.com/permanent-vacation-lyrics-rem.html,Permanent Vacation Lyrics,0,2006
http://www.metrolyrics.com/photograph-lyrics-rem.html,Photograph Lyrics,0,2006
http://www.metrolyrics.com/pilgrimage-lyrics-rem.html,Pilgrimage Lyrics,0,2006
http://www.metrolyrics.com/pop-song-89-lyrics-rem.html,Pop Song 89 Lyrics,2,2011
http://www.metrolyrics.com/pretty-persuasion-lyrics-rem.html,Pretty Persuasion Lyrics,1,2006
http://www.metrolyrics.com/psa-aka-bad-day-lyrics-rem.html,Psa (a.k.a. Bad Day) Lyrics,0,2006
http://www.metrolyrics.com/radio-free-europe-lyrics-rem.html,Radio Free Europe Lyrics,5,2011
http://www.metrolyrics.com/radio-song-lyrics-rem.html,Radio Song Lyrics,1,2014
http://www.metrolyrics.com/revolution-lyrics-rem.html,Revolution Lyrics,0,2006
http://www.metrolyrics.com/rockville-lyrics-rem.html,Rockville Lyrics,0,2006
http://www.metrolyrics.com/romance-lyrics-rem.html,Romance Lyrics,0,2006
http://www.metrolyrics.com/rotary-11-lyrics-rem.html,Rotary 11 Lyrics,0,2014
http://www.metrolyrics.com/rotary-ten-lyrics-rem.html,Rotary Ten Lyrics,0,2008
http://www.metrolyrics.com/sad-professor-lyrics-rem.html,Sad Professor Lyrics,0,2014
http://www.metrolyrics.com/saturn-return-lyrics-rem.html,Saturn Return Lyrics,0,2006
http://www.metrolyrics.com/second-guessing-lyrics-rem.html,Second Guessing Lyrics,0,2006
http://www.metrolyrics.com/see-no-evil-lyrics-rem.html,See No Evil Lyrics,0,2006
http://www.metrolyrics.com/selingkar-kasih-lyrics-rem.html,Selingkar Kasih Lyrics,7,2010
http://www.metrolyrics.com/seven-chinese-brothers-lyrics-rem.html,Seven Chinese Brothers Lyrics,0,2006
http://www.metrolyrics.com/shaking-through-lyrics-rem.html,Shaking Through Lyrics,3,2006
http://www.metrolyrics.com/she-just-wants-to-be-lyrics-rem.html,She Just Wants To Be Lyrics,0,2006
http://www.metrolyrics.com/sheherazade-lyrics-rem.html,Sheherazade Lyrics,0,2006
http://www.metrolyrics.com/shiny-happy-people-lyrics-rem.html,Shiny Happy People Lyrics,4,2011
http://www.metrolyrics.com/sing-for-the-submarine-lyrics-rem.html,Sing For The Submarine Lyrics,0,2008
http://www.metrolyrics.com/sitting-still-lyrics-rem.html,Sitting Still Lyrics,0,2011
http://www.metrolyrics.com/so-fast-so-numb-lyrics-rem.html,"So Fast, So Numb Lyrics",0,2006
http://www.metrolyrics.com/so-central-rain-lyrics-rem.html,So. Central Rain Lyrics,1,2011
http://www.metrolyrics.com/so-central-rain-im-sorry-lyrics-rem.html,So. Central Rain (I'm Sorry) Lyrics,0,2016
http://www.metrolyrics.com/southern-central-rain-im-sorry-lyrics-rem.html,Southern Central Rain Lyrics,0,2007
http://www.metrolyrics.com/sponge-lyrics-rem.html,Sponge Lyrics,0,2006
http://www.metrolyrics.com/stand-lyrics-rem.html,Stand Lyrics,3,2003
http://www.metrolyrics.com/star-69-lyrics-rem.html,Star 69 Lyrics,0,2006
http://www.metrolyrics.com/star-me-kitten-lyrics-rem.html,Star Me Kitten Lyrics,0,2006
http://www.metrolyrics.com/staring-down-the-barrel-of-the-middle-distance-lyrics-rem.html,Staring Down the Barrel of the Middle Distance Lyrics,0,2016
http://www.metrolyrics.com/strange-lyrics-rem.html,Strange Lyrics,0,2008
http://www.metrolyrics.com/strange-wire-lyrics-rem.html,Strange (wire) Lyrics,2,2008
http://www.metrolyrics.com/strange-currencies-lyrics-rem.html,Strange Currencies Lyrics,3,2006
http://www.metrolyrics.com/stumble-lyrics-rem.html,Stumble Lyrics,0,2006
http://www.metrolyrics.com/summer-turns-to-high-lyrics-rem.html,Summer Turns To High Lyrics,0,2006
http://www.metrolyrics.com/superman-lyrics-rem.html,Superman Lyrics,2,2006
http://www.metrolyrics.com/supernatural-superserious-lyrics-rem.html,Supernatural Superserious Lyrics,0,2008
http://www.metrolyrics.com/suspicion-lyrics-rem.html,Suspicion Lyrics,0,2006
http://www.metrolyrics.com/swan-swan-h-lyrics-rem.html,Swan Swan H Lyrics,0,2006
http://www.metrolyrics.com/swan-swan-hummingbird-lyrics-rem.html,Swan Swan Hummingbird Lyrics,0,2014
http://www.metrolyrics.com/sweetness-follows-lyrics-rem.html,Sweetness Follows Lyrics,2,2006
http://www.metrolyrics.com/tainted-obligation-lyrics-rem.html,Tainted Obligation Lyrics,0,2006
http://www.metrolyrics.com/talk-about-the-passion-lyrics-rem.html,Talk About The Passion Lyrics,2,2011
http://www.metrolyrics.com/texarcana-lyrics-rem.html,Texarcana Lyrics,0,2016
http://www.metrolyrics.com/texarkana-lyrics-rem.html,Texarkana Lyrics,0,2006
http://www.metrolyrics.com/texarnaka-lyrics-rem.html,Texarnaka Lyrics,0,2006
http://www.metrolyrics.com/that-beat-lyrics-rem.html,That Beat Lyrics,0,2006
http://www.metrolyrics.com/that-someone-is-you-lyrics-rem.html,That Someone Is You Lyrics,1,2011
http://www.metrolyrics.com/the-after-hours-lyrics-rem.html,The After Hours Lyrics,0,2006
http://www.metrolyrics.com/the-apologist-lyrics-rem.html,The Apologist Lyrics,0,2006
http://www.metrolyrics.com/the-ascent-of-man-lyrics-rem.html,The Ascent of Man Lyrics,0,2004
http://www.metrolyrics.com/the-boy-in-the-well-lyrics-rem.html,The Boy In The Well Lyrics,0,2004
http://www.metrolyrics.com/the-final-straw-lyrics-rem.html,The Final Straw Lyrics,0,2004
http://www.metrolyrics.com/the-flowers-of-guatemala-lyrics-rem.html,The Flowers of Guatemala Lyrics,0,2006
http://www.metrolyrics.com/the-great-beyond-lyrics-rem.html,The Great Beyond Lyrics,0,2003
http://www.metrolyrics.com/the-lifting-lyrics-rem.html,The Lifting Lyrics,1,2006
http://www.metrolyrics.com/the-lion-sleeps-tonight-lyrics-rem.html,The Lion Sleeps Tonight Lyrics,0,2006
http://www.metrolyrics.com/the-one-i-love-lyrics-rem.html,The One I Love Lyrics,9,2008
http://www.metrolyrics.com/the-outsiders-lyrics-rem.html,The Outsiders Lyrics,0,2004
http://www.metrolyrics.com/the-sidewinder-sleeps-tonight-lyrics-rem.html,The Sidewinder Sleeps Tonight Lyrics,7,2006
http://www.metrolyrics.com/the-sidewinder-sleeps-tonite-lyrics-rem.html,The Sidewinder Sleeps Tonite Lyrics,3,2003
http://www.metrolyrics.com/the-wakeup-bomb-lyrics-rem.html,The Wake-up Bomb Lyrics,0,2006
http://www.metrolyrics.com/the-wrong-child-lyrics-rem.html,The Wrong Child Lyrics,0,2006
http://www.metrolyrics.com/theme-from-two-steps-onward-lyrics-rem.html,Theme From Two Steps Onward Lyrics,0,2006
http://www.metrolyrics.com/there-she-goes-again-lyrics-rem.html,There She Goes Again Lyrics,0,2006
http://www.metrolyrics.com/these-days-lyrics-rem.html,These Days Lyrics,3,2006
http://www.metrolyrics.com/time-after-time-annelise-lyrics-rem.html,Time After Time (annelise) Lyrics,0,2006
http://www.metrolyrics.com/tired-of-singing-trouble-lyrics-rem.html,Tired Of Singing Trouble Lyrics,0,2006
http://www.metrolyrics.com/tongue-lyrics-rem.html,Tongue Lyrics,0,2006
http://www.metrolyrics.com/tony-thrown-out-lyrics-rem.html,Tony Thrown Out Lyrics,0,2008
http://www.metrolyrics.com/toys-in-the-attic-lyrics-rem.html,Toys In The Attic Lyrics,0,2006
http://www.metrolyrics.com/try-not-to-breathe-lyrics-rem.html,Try Not To Breathe Lyrics,2,2006
http://www.metrolyrics.com/turn-you-insideout-lyrics-rem.html,Turn You Inside-out Lyrics,2,2006
http://www.metrolyrics.com/uberlin-lyrics-rem.html,Uberlin Lyrics,4,2011
http://www.metrolyrics.com/underneath-the-bunker-lyrics-rem.html,Underneath The Bunker Lyrics,0,2006
http://www.metrolyrics.com/undertow-lyrics-rem.html,Undertow Lyrics,0,2006
http://www.metrolyrics.com/until-the-day-is-done-lyrics-rem.html,Until The Day Is Done Lyrics,1,2008
http://www.metrolyrics.com/untitled-lyrics-rem.html,Untitled Lyrics,0,2006
http://www.metrolyrics.com/voice-of-harold-lyrics-rem.html,Voice of Harold Lyrics,0,2006
http://www.metrolyrics.com/wait-lyrics-rem.html,Wait Lyrics,0,2006
http://www.metrolyrics.com/walk-it-back-lyrics-rem.html,Walk It Back Lyrics,0,2011
http://www.metrolyrics.com/walk-unafraid-lyrics-rem.html,Walk Unafraid Lyrics,1,2006
http://www.metrolyrics.com/wall-of-death-lyrics-rem.html,Wall Of Death Lyrics,0,2006
http://www.metrolyrics.com/walters-theme-lyrics-rem.html,Walter's Theme Lyrics,0,2006
http://www.metrolyrics.com/wander-lust-lyrics-rem.html,Wander Lust Lyrics,0,2004
http://www.metrolyrics.com/we-all-go-back-to-where-we-belong-lyrics-rem.html,We All Go Back To Where We Belong Lyrics,0,2011
http://www.metrolyrics.com/we-walk-lyrics-rem.html,We Walk Lyrics,0,2006
http://www.metrolyrics.com/welcome-to-the-occupation-lyrics-rem.html,Welcome To The Occupation Lyrics,0,2008
http://www.metrolyrics.com/wendell-gee-lyrics-rem.html,Wendell Gee Lyrics,0,2006
http://www.metrolyrics.com/west-of-the-fields-lyrics-rem.html,West Of The Fields Lyrics,0,2006
http://www.metrolyrics.com/what-if-we-give-it-away-lyrics-rem.html,What If We Give It Away? Lyrics,0,2006
http://www.metrolyrics.com/whats-the-frequency-lyrics-rem.html,What's The Frequency Lyrics,0,2006
http://www.metrolyrics.com/whats-the-frequency-kenneth-lyrics-rem.html,"What's The Frequency, Kenneth? Lyrics",5,2003
http://www.metrolyrics.com/white-tornado-lyrics-rem.html,White Tornado Lyrics,0,2007
http://www.metrolyrics.com/why-not-smile-lyrics-rem.html,Why Not Smile Lyrics,0,2006
http://www.metrolyrics.com/wichita-lineman-lyrics-rem.html,Wichita Lineman Lyrics,0,2006
http://www.metrolyrics.com/windout-lyrics-rem.html,Windout Lyrics,0,2006
http://www.metrolyrics.com/wolves-lower-lyrics-rem.html,"Wolves, Lower Lyrics",0,2006
http://www.metrolyrics.com/world-leader-pretend-lyrics-rem.html,World Leader Pretend Lyrics,0,2014
http://www.metrolyrics.com/worst-joke-ever-lyrics-rem.html,Worst Joke Ever Lyrics,0,2004
http://www.metrolyrics.com/you-lyrics-rem.html,You Lyrics,0,2006
http://www.metrolyrics.com/you-are-the-everything-lyrics-rem.html,You Are The Everything Lyrics,0,2006
http://www.metrolyrics.com/youre-in-the-air-lyrics-rem.html,You're In The Air Lyrics,0,2006
http://www.metrolyrics.com/zither-lyrics-rem.html,ZITHER Lyrics,0,2007
